IC_mean,Estimate,Lower,Upper
10,41.06638707545106,25.82903011766632,56.3037440332358
50,53.41939830529044,45.934235927896665,60.904560682684235
