IC_mean,Estimate,Lower,Upper
10,41.7495288129317,19.084670138286544,64.41438748757686
20,45.56820418575929,32.59172268062352,58.544685690895065
50,53.15201190511607,43.068420274088155,63.23560353614398
